﻿UID,Account Type,Symbol,Position ID,Settlement Currency,Position Mode,Quantity,Position Direction,Multiplier,Date(UTC+02:00)
246355596,subAccount,DOGEUSDTM,400000000001547634,USDT,ISOLATED,-102,Short,100.0,2025-06-03 01:59:59
246355596,subAccount,XRPUSDTM,400000000001547741,USDT,ISOLATED,50,Long,10.0,2025-06-03 01:59:59
246355596,subAccount,DOGEUSDTM,400000000001547634,USDT,ISOLATED,-68,Short,100.0,2025-06-04 01:59:59
246355596,subAccount,XRPUSDTM,400000000001547741,USDT,ISOLATED,25,Long,10.0,2025-06-04 01:59:59
246355596,subAccount,DOGEUSDTM,400000000001547634,USDT,ISOLATED,-84,Short,100.0,2025-06-05 01:59:59
246355596,subAccount,XRPUSDTM,400000000001547741,USDT,ISOLATED,212,Long,10.0,2025-06-05 01:59:59
246355596,subAccount,DOGEUSDTM,400000000001547634,USDT,ISOLATED,-17,Short,100.0,2025-06-06 01:59:59
246355596,subAccount,XRPUSDTM,400000000001547741,USDT,ISOLATED,255,Long,10.0,2025-06-06 01:59:59
246355596,subAccount,DOGEUSDTM,400000000001547634,USDT,ISOLATED,-255,Short,100.0,2025-06-07 01:59:59
246355596,subAccount,XRPUSDTM,400000000001547741,USDT,ISOLATED,255,Long,10.0,2025-06-07 01:59:59
246355596,subAccount,DOGEUSDTM,400000000001547634,USDT,ISOLATED,-285,Short,100.0,2025-06-08 01:59:59
246355596,subAccount,XRPUSDTM,400000000001547741,USDT,ISOLATED,285,Long,10.0,2025-06-08 01:59:59
246355596,subAccount,DOGEUSDTM,400000000001547634,USDT,ISOLATED,-285,Short,100.0,2025-06-09 01:59:59
246355596,subAccount,XRPUSDTM,400000000001547741,USDT,ISOLATED,32,Long,10.0,2025-06-09 01:59:59
246355596,subAccount,DOGEUSDTM,400000000001547634,USDT,ISOLATED,-385,Short,100.0,2025-06-10 01:59:59
246355596,subAccount,XRPUSDTM,400000000001547741,USDT,ISOLATED,17,Long,10.0,2025-06-10 01:59:59
246355596,subAccount,DOGEUSDTM,400000000001547634,USDT,ISOLATED,-617,Short,100.0,2025-06-11 01:59:59
246355596,subAccount,XRPUSDTM,400000000001547741,USDT,ISOLATED,37,Long,10.0,2025-06-11 01:59:59
246355596,subAccount,DOGEUSDTM,400000000001547634,USDT,ISOLATED,-958,Short,100.0,2025-06-12 01:59:59
246355596,subAccount,XRPUSDTM,400000000001547741,USDT,ISOLATED,722,Long,10.0,2025-06-12 01:59:59
246355596,subAccount,DOGEUSDTM,400000000001547634,USDT,ISOLATED,-10,Short,100.0,2025-06-13 01:59:59
246355596,subAccount,XRPUSDTM,400000000001547741,USDT,ISOLATED,964,Long,10.0,2025-06-13 01:59:59
246355596,subAccount,DOGEUSDTM,400000000001547634,USDT,ISOLATED,-65,Short,100.0,2025-06-14 01:59:59
246355596,subAccount,XRPUSDTM,400000000001547741,USDT,ISOLATED,964,Long,10.0,2025-06-14 01:59:59
246355596,subAccount,DOGEUSDTM,400000000001547634,USDT,ISOLATED,-66,Short,100.0,2025-06-15 01:59:59
246355596,subAccount,XRPUSDTM,400000000001547741,USDT,ISOLATED,964,Long,10.0,2025-06-15 01:59:59
246355596,subAccount,DOGEUSDTM,400000000001547634,USDT,ISOLATED,-49,Short,100.0,2025-06-16 01:59:59
246355596,subAccount,XRPUSDTM,400000000001547741,USDT,ISOLATED,964,Long,10.0,2025-06-16 01:59:59
246355596,subAccount,DOGEUSDTM,400000000001547634,USDT,ISOLATED,-131,Short,100.0,2025-06-17 01:59:59
246355596,subAccount,XRPUSDTM,400000000001547741,USDT,ISOLATED,144,Long,10.0,2025-06-17 01:59:59
246355596,subAccount,DOGEUSDTM,400000000001547634,USDT,ISOLATED,-14,Short,100.0,2025-06-18 01:59:59
246355596,subAccount,XRPUSDTM,400000000001547741,USDT,ISOLATED,351,Long,10.0,2025-06-18 01:59:59
